,0,1,2
0,-0.05657425482125749,-0.07000531860308976,-7.968935888320083
1,-0.0564642693839257,-0.07039017647886946,-7.971950738874372
2,-0.05676587965607058,-0.07064458600658995,-7.919262590343943
3,-0.056492672779129685,-0.07041288983596296,-7.975164480308012
4,-0.05661176283351931,-0.07075305494147151,-7.914393463800729
5,-0.056631167248158865,-0.0707857076390518,-7.920082054060376
6,-0.05652915375019546,-0.07043936806393415,-7.974748116335189
7,-0.056805180940134196,-0.07041047568456475,-7.259827179372716
8,-0.05834473838536752,-0.07075364213132533,-1.1303465367747263
9,-0.058393741250683986,-0.07087101934529674,-1.068540957217383
10,-0.058558951227216306,-0.07085539253832865,1.2439979353395976
11,-0.05843987991603437,-0.08348916376370609,1.7758654320037057
12,-0.05833531387192047,-0.09736157931970496,1.9943196640115732
13,-0.05816158508725439,-0.10928614749927042,2.070018966529743
14,-0.058879398764626674,-0.11539704552659794,6.115090019445537
15,-0.05903417097453764,-0.1159349979099126,6.715438270467843
16,-0.05949117834802946,-0.11612000703860292,8.797578391336472
17,-0.05941967199102275,-0.11970037016834888,11.345174639156657
18,-0.058606413820222664,-0.12654674281321218,12.077042261102902
19,-0.05458493937026543,-0.1459988965898216,14.459045277126961
20,-0.04072787503387541,-0.1983872610743666,20.9979679489735
21,-0.036482768827547814,-0.2103902718058276,22.584868356304607
22,-0.03251066598626984,-0.22160428033885385,24.136002376830795
23,-0.028055558685334294,-0.23359062456477278,25.99601873908527
24,-0.014066160880244196,-0.26466973033579294,29.94231199468232
25,-0.01059789895603865,-0.2712243657247161,30.80545132086821
26,-0.004236404015007254,-0.28242198903020554,32.43877965974951
27,0.002188281864590075,-0.29364885543327374,34.22347388348338
28,0.008379643043715948,-0.30378514009418683,35.66186120394364
29,0.015726196671557797,-0.3151895324223261,37.23866981356094
30,0.0635862982619986,-0.375937173372719,36.12955667713441
31,0.0712974296784071,-0.38778516489439585,38.081511205865716
32,0.11568607440753387,-0.44078728060447575,46.76517325597763
33,0.12289301435200868,-0.4481080762855886,48.04866101246951
34,0.1319951995040311,-0.45689002610807916,49.597433852372696
35,0.15864038249383852,-0.48015056821454866,54.02508584137759
36,0.1630576720283753,-0.4835922861834451,54.66217958849512
37,0.17205641751925704,-0.4905103196423477,56.10496761818955
38,0.1837802811804894,-0.4990111514394895,57.89486493253829
39,0.18757048005494092,-0.5019829372044045,58.58036146674996
40,0.20182634954971795,-0.511089773885598,60.71543235426361
41,0.26860721553047184,-0.552446035344726,53.017557798398244
42,0.26889879003232564,-0.552694449960223,52.97372225447675
43,0.32845002821118024,-0.6055436973511525,47.9864308371407
44,0.3359440205685919,-0.6132570020519211,49.368270356242014
45,0.34614744809589704,-0.6224867673219906,51.58706062266349
46,0.3764035055601247,-0.6473689467905953,56.24984886187472
47,0.3884112171683134,-0.6556168624062758,58.048123214898936
48,0.39942838450664847,-0.6627758260803311,57.56404478206769
49,0.41088485318313883,-0.6701457218049115,55.388664754950504
50,0.42192047606407496,-0.6773491351379411,53.7072417504551
51,0.427006271482568,-0.6814299535643329,52.75851713825926
52,0.4855294916549345,-0.7335394612555728,42.73908916397368
53,0.4885907054311282,-0.7364827821171751,42.31187079721688
54,0.4945156554904338,-0.7433186549648022,41.04404026850581
55,0.5332371868201945,-0.7926358834301256,33.27203848215359
56,0.537853597311509,-0.7999181716727827,32.098908992361665
57,0.5447465662569827,-0.8111267095563377,30.525480617104687
58,0.5488996413490262,-0.8180641094138833,29.54965422940542
59,0.5648958253527954,-0.8483949929413636,25.045530366315603
60,0.5690172779888413,-0.8568968203694916,23.99489659850886
61,0.5743384679692829,-0.8697608325549188,22.192271385451154
62,0.5788777535733464,-0.8804078031112643,20.692648720861776
63,0.5833349318730136,-0.8921379398673234,18.816692988692974
64,0.5869104313106699,-0.9013078007010747,17.707021329911164
65,0.5962215625043059,-0.9332061390714416,13.746143001507784
66,0.5982041364211129,-0.9401613215360862,12.791871172396473
67,0.5987896339279049,-0.9432135215037634,11.818951404998392
68,0.5989952572728644,-0.942505217190899,9.900875767821026
69,0.5998519780428119,-0.9429085073684178,7.187158756504603
70,0.6002187325894498,-0.9423862702782938,5.400437751100565
71,0.5980110786279822,-0.9899656211165665,-3.416890797283841
72,0.5978456814817386,-0.993014900229646,-3.354128625862528
73,0.5974381923177274,-1.0074170869931125,-5.198339287365131
74,0.5978235148753879,-1.007668486306416,-7.5030344634605
75,0.5982746166049121,-1.0077552632239462,-9.543875606793135
76,0.5987735789220449,-1.0077750252055093,-11.873158194540672
77,0.5992648805480166,-1.0076398584204662,-13.864224960709373
78,0.6000179037659908,-1.0082280317383319,-18.46914739551622
79,0.6007251761999567,-1.0078777064692357,-20.285053262893573
80,0.6011463620306289,-1.007859404301749,-21.9150008809976
81,0.5998519103687778,-1.011385941270593,-24.41033363672925
82,0.5941910164533087,-1.0235216642933662,-24.318700606881645
83,0.587862772159621,-1.036875713319241,-24.30310178411277
84,0.5818156400219162,-1.051728710394384,-28.209653863704993
85,0.5816903301437958,-1.0521997453816139,-28.870386879246592
86,0.5821264045995749,-1.0523801943360278,-31.024085354756338
87,0.582361114340726,-1.0526359900514597,-33.54776357061913
88,0.5828450480371196,-1.0526547417864045,-35.61565711165205
89,0.579886357596271,-1.0575021733366932,-42.04568602978355
90,0.5777642740105161,-1.0601121098098212,-42.01130955182144
91,0.5665275252329527,-1.072196181873441,-42.15890035348309
92,0.5567171487701361,-1.0826382320305132,-42.216021501978375
93,0.5550672919624725,-1.0843523309004939,-42.631311107847736
94,0.5567167882961878,-1.084965073046315,-49.143642932490515
95,0.5564633802181908,-1.0852700718454154,-49.44568156692025
96,0.5569449516393995,-1.0852977250305482,-51.419299639949806
97,0.5571558762830005,-1.0856685496790555,-53.55046786921797
98,0.5572279308249505,-1.0860457128428525,-55.92132778041273
99,0.5575747427765922,-1.0863228032460654,-58.29601180072845
100,0.5412758221717527,-1.0953803220666307,-63.076632899881574
101,0.5357922302712467,-1.0980224292022394,-63.065188383817535
102,0.5243696378412048,-1.103762933394107,-63.08848944278128
103,0.5125050500657807,-1.1093471693406582,-63.0505383498475
104,0.5036586721068428,-1.1137791119173774,-63.05598981041464
105,0.45313516889818223,-1.1373574098682244,-68.73363730676343
106,0.44765298221285055,-1.1393753487245695,-69.60504269721461
107,0.4282355273293187,-1.146170326053249,-72.06017867362628
108,0.4162135127542449,-1.1502872289242227,-73.9620288775405
109,0.40935015417165915,-1.1536800989361573,-80.63663722258502
110,0.40933061793269415,-1.153704271250147,-80.69948232169087
111,0.40910323148802297,-1.1540255564319044,-83.42746000405806
112,0.4091962717672807,-1.154751020749028,-85.32081435227417
113,0.4091202552409163,-1.1551724171726407,-87.58303024549393
114,0.38349245202090204,-1.1553350610765025,-89.7158593097005
115,0.3680866829230088,-1.1549315515076888,-89.7971968924864
116,0.3545544133801714,-1.154546921568561,-89.67530640639734
117,0.3428835220512958,-1.1546136945546326,-89.7677789048773
118,0.32867116184722767,-1.154560778001055,-89.72645275277934
119,0.27706907923523394,-1.1539550389887465,-85.08996704697786
120,0.2709111167580824,-1.1543404492915248,-84.23324868159152
121,0.2562271054344812,-1.1550634990621709,-82.40912196269662
122,0.2360759221913204,-1.1573667259883476,-79.90302267399005
123,0.23132221775584255,-1.157776457956064,-79.22787510586937
124,0.19649648642270018,-1.1638401597171826,-74.91664844524561
125,0.18779557280579504,-1.1661239656059748,-73.41319329482057
126,0.17518191920443638,-1.1692452938086848,-71.96155143658295
127,0.16385074858521917,-1.172521751774981,-70.3989417967819
128,0.15108545457743702,-1.1766230965151692,-68.58153931615148
129,0.0983766656356567,-1.1976763618724406,-61.97265865892183
130,0.08987948842705708,-1.2022283457207332,-60.76572599242661
131,0.07550241214161331,-1.2102821259076333,-58.77769535052832
132,0.06405055594166456,-1.2169710323620468,-59.43144118097901
133,0.05730828959417978,-1.2209621819363334,-60.68057637986534
134,0.028948256092547316,-1.2354033599198173,-61.60092776106874
135,0.01855408802946141,-1.240625097200908,-60.11283368375156
136,0.00808174148909078,-1.2462427899133017,-58.706350574921395
137,-0.002044977890446982,-1.2518121872167969,-57.08635894913474
138,-0.015990128946104798,-1.2601937941078312,-55.00275736026354
139,-0.023626508617958102,-1.2652080318491796,-53.73065934915967
140,-0.05431540134402371,-1.2871641455578402,-48.99312986771053
141,-0.05851177042522378,-1.2902553352577604,-48.43441366893724
142,-0.0696405288624473,-1.2997778964845028,-46.71494648343846
143,-0.07832218152904472,-1.3071917084750917,-45.53554953321202
144,-0.08898684472334308,-1.3174688204023368,-43.624699806943084
145,-0.09547227538627161,-1.3237424425398017,-42.339408603427316
146,-0.11752841255197935,-1.3466022241986364,-38.391345033759414
147,-0.12142810657755299,-1.351140381789898,-37.13284360085514
148,-0.12794762733031864,-1.359010135556904,-36.365282048168666
149,-0.1410123182940237,-1.3763369413925413,-33.66823138252336
150,-0.14813567247688844,-1.3866374912703026,-32.200082893128226
151,-0.15418591108845428,-1.3954855699388387,-30.90519320736822
152,-0.176424268134612,-1.4334870133469917,-25.598628991658448
153,-0.1821503008775028,-1.4447127431658358,-24.127963226372877
154,-0.18404319542670086,-1.4496110363754395,-24.58048828499081
155,-0.19272865232895472,-1.4681106499588386,-27.718574190399234
156,-0.19798183354869175,-1.4782444684858673,-29.322925063811507
157,-0.2252201541999537,-1.5220186410741212,-36.071628710771435
158,-0.2238600566448178,-1.5209741627474493,-37.33800407040078
159,-0.22349835494717532,-1.5209798783038164,-39.53035542811816
160,-0.22354138112938207,-1.5208499196056215,-40.20419822914168
161,-0.2220193855467029,-1.5226707439957206,-49.604932165027876
162,-0.2222318842772744,-1.5230056227668283,-50.19654471061128
163,-0.22185613170894627,-1.5230148770665048,-51.78474962771473
164,-0.22134215645490998,-1.5233730511649373,-53.91228481754472
165,-0.2206338182432747,-1.5245258583816674,-61.58693044284747
166,-0.22027665123196402,-1.5248719900989507,-62.630115867816414
167,-0.22027923355311538,-1.5253516048526456,-65.14731366496969
168,-0.2197929709837754,-1.5255455537610532,-66.415425547054
169,-0.2198107961688925,-1.526230597186514,-69.42017140780351
170,-0.2858534977720144,-1.547620508819449,-70.68833401429583
171,-0.28958543905630846,-1.5486668993276502,-70.72720362665908
172,-0.29789580097464835,-1.5516658320669827,-71.1262970954101
173,-0.2968543618876855,-1.5528422008902298,-78.04300256978796
174,-0.2968550330877831,-1.5529402875664304,-78.72145578935823
175,-0.2966958385736054,-1.5530634464503081,-80.02843571801135
176,-0.29693740163428445,-1.5540541876040375,-83.22245640878742
177,-0.3033618488806455,-1.5546184900533098,-84.79207301434137
178,-0.3377247480984307,-1.5567040609782414,-84.62876443926365
179,-0.3434576661142437,-1.557306846412828,-84.63320415198838
180,-0.35613573314505576,-1.5580288430142855,-84.70936396980812
181,-0.35993789600111986,-1.5587176880072457,-85.53673882624352
182,-0.3596289012908679,-1.558969054950013,-87.41835477487693
183,-0.3594705960043281,-1.5598062356684548,-89.37448977128567
184,-0.3938224693704213,-1.5564809041284569,-95.75100902522207
185,-0.39770581637972785,-1.5563945138629849,-96.07456089572655
186,-0.39679917496754935,-1.5571332268315146,-97.6391082300381
187,-0.39649217368512896,-1.5602325494071834,-112.01359249065196
188,-0.397588739361027,-1.5628757805773028,-122.54562898933032
189,-0.3981040186304694,-1.5631887873312527,-124.83753531815401
190,-0.39839403363446574,-1.5635557103373412,-127.0622528793278
191,-0.3980749722657201,-1.5637998986339758,-127.99357167551615
192,-0.4143063725753343,-1.5498901320645047,-132.0442737289071
193,-0.4181009513728174,-1.5461469419800642,-132.11871371887844
194,-0.4265863983487999,-1.5382215369801744,-132.17916311462565
195,-0.4336543219346137,-1.5318208264327244,-132.755859311346
196,-0.43311563253023766,-1.5326487702447997,-133.72968879560688
197,-0.43330573225327523,-1.5330455909644132,-135.32423578129382
198,-0.44094331502360185,-1.5250587642352365,-142.3709419509188
199,-0.4445150292569482,-1.5200731408166248,-142.3974702993084
200,-0.45289513813219384,-1.5086453236941477,-142.47963546827998
201,-0.45979838687089775,-1.499282973186495,-142.49228548733853
202,-0.46418859949292146,-1.4931903792867935,-142.47042239998677
203,-0.484319054552274,-1.464705705834466,-142.51100433227978
204,-0.4853769979592301,-1.4637707660568036,-143.09510435124727
205,-0.4855537927488441,-1.4644912368877525,-145.36601329093472
206,-0.48584924713317634,-1.4642315261855559,-147.30738692209965
207,-0.48625098597037425,-1.4645346977461926,-149.60898007298618
208,-0.4862265044459016,-1.4647802055223629,-150.69192107082026
209,-0.49358705358851596,-1.4492774784071087,-153.7375817011132
210,-0.49911958659102035,-1.437712123247776,-153.7781123144046
211,-0.5025653543818537,-1.4305580614229783,-153.89406250160485
212,-0.5067867669505319,-1.421592743559852,-153.65140221623375
213,-0.5162799941398748,-1.4023519911681945,-153.67439002462916
214,-0.5194200007562172,-1.3954431289932092,-153.70518016372515
215,-0.5367083720475522,-1.358893469732968,-153.74345115062295
216,-0.5388220552287001,-1.35473436822483,-153.72651126644678
217,-0.5439709319075983,-1.343292447145793,-153.64270279320036
218,-0.5489020770587947,-1.3330128738920128,-153.61918735842255
219,-0.555909963426586,-1.3189221102109734,-153.6030035345689
220,-0.5598470147045357,-1.3094321992035511,-153.58255842439712
221,-0.5732688843968805,-1.2815862573262857,-153.79966792009088
222,-0.5755079237764746,-1.277452154689708,-152.9044931765998
223,-0.5746223527753095,-1.277504564185617,-151.1040348958182
224,-0.5741634340317199,-1.2779012699981465,-149.39292765729405
225,-0.579421058902569,-1.2685143996848511,-148.23230154106486
226,-0.585352484995591,-1.2583668690117087,-148.2448289220606
227,-0.6338399808070942,-1.178475672391368,-148.12919762049697
228,-0.6605788037162245,-1.1332418509076498,-148.20803654592856
229,-0.6669215369827151,-1.1223346529989164,-148.21345430822387
230,-0.6721154691589861,-1.1137228335102636,-148.26258712798275
231,-0.676460493590351,-1.106604115284672,-148.30761820503028
232,-0.7020503547922382,-1.0636796836655131,-151.9579832434757
233,-0.7070050072515116,-1.054435492062529,-153.27686268077827
234,-0.7131756547032343,-1.042245301480276,-155.03041158292302
235,-0.7183363020064772,-1.0310916013497597,-156.70760887623243
236,-0.7232250142757332,-1.0194659448557652,-158.2170852089604
237,-0.7364085014150511,-0.9853887782677169,-153.73630775710225
238,-0.741737938525685,-0.9737273253812401,-152.38010927347415
239,-0.7485951815742448,-0.9593761575166535,-149.21330355792222
240,-0.7545281952326737,-0.9461894549278256,-148.33629135620902
241,-0.7580506215395033,-0.9402522160788089,-147.4074341872714
242,-0.7836479019305613,-0.8973692527251177,-151.3164895352194
243,-0.7874879439838635,-0.890139079257908,-150.0098901318527
244,-0.7940310022770205,-0.8781171043106507,-148.13453986241564
245,-0.8003493984969272,-0.8666503508639712,-146.52139767436375
246,-0.806754268221946,-0.8560114417301378,-144.8336493344552
247,-0.8305887620481047,-0.8222954018476496,-140.28753611648284
248,-0.8383506839035437,-0.8129842502807051,-142.1821231141862
249,-0.8453816035274287,-0.8043730971187847,-143.53167003286737
250,-0.8507080118861732,-0.7965619977540884,-144.24964897975306
251,-0.8606412231293092,-0.7829508346744091,-147.21487964698264
252,-0.8793627434863794,-0.7517757485303276,-152.0165647153135
253,-0.883627051243062,-0.7438222691817669,-153.84134534007222
254,-0.8832684702286646,-0.7450985245518404,-155.3875493062595
255,-0.8840357168986515,-0.7448090163484244,-157.69981718327455
256,-0.8844712912397998,-0.7451951261286234,-159.79569110413766
257,-0.8892536796014173,-0.7296478823623465,-163.602391584374
258,-0.8935317469585077,-0.7145350588428874,-163.712652128783
259,-0.8951973003069827,-0.7078379195393707,-163.66633576446148
260,-0.8999247787298332,-0.6900833831187025,-163.62282223597643
261,-0.9023155491855461,-0.6817999268447058,-163.65120606754985
262,-0.9079023198605911,-0.6642595130272954,-167.79525134931868
263,-0.9080926000112916,-0.6645546379398929,-169.0070594327451
264,-0.9083085039657678,-0.665029808383524,-171.03535007813875
265,-0.9091050168494651,-0.6646270034083946,-173.42344098124036
266,-0.9092720544788739,-0.6654944092111071,-175.26451287946503
267,-0.9092341490913939,-0.6654260665134953,-176.46252534262248
268,-0.9105136103822019,-0.6382914501087207,-177.1116398821213
269,-0.9106791777377184,-0.6331311270684296,-177.09703973718229
270,-0.9109393730289694,-0.6199350914419272,-176.86965997816068
271,-0.9112676826409752,-0.6065439484926312,-177.0019466945029
272,-0.9119305432581906,-0.5933512889727323,-176.98326949813682
273,-0.9119018153295153,-0.5835213417411115,-177.41433820588526
274,-0.9125577891585864,-0.5823137303570147,-177.80051786535432
275,-0.9135047226367042,-0.5831787383263748,174.95860299685665
276,-0.9133671481297564,-0.5765542078718432,173.31838024171188
277,-0.9115333369407007,-0.5626500821912265,173.212293629455
278,-0.9101102065788016,-0.5535169150396542,173.21150568860435
279,-0.9084541568278326,-0.5435254703163653,173.14509819903972
280,-0.9083529529419522,-0.5361278882602517,169.25743977401328
281,-0.9088642072807023,-0.5360143855623346,167.75142905436357
282,-0.9091087790433351,-0.5359108489847526,165.90870370606214
283,-0.9048527200405609,-0.5204663028802317,164.9994756666872
284,-0.9017995963135637,-0.5092165627302834,165.04420774781698
285,-0.8995736113043357,-0.5019081840315807,165.10519221439807
286,-0.889744526639592,-0.4680162170272404,165.11321109830027
287,-0.8872501276067574,-0.4586910882069365,165.17659543421468
288,-0.8834386949786244,-0.4454456108842118,165.16714709859713
289,-0.8803587355476176,-0.4341900815856681,165.1739517673966
290,-0.8765285658873486,-0.420826159844829,165.10536930048102
291,-0.87420639683547,-0.41306843706699614,165.16567113518943
292,-0.8636983843330751,-0.3767037603776035,165.26144682507012
293,-0.8622669047875853,-0.37021475044721575,165.12211688280837
294,-0.8586287866414635,-0.35733644706138806,165.21534381258553
295,-0.8572447671348935,-0.3511445513566001,164.41987852373916
296,-0.8578313780404873,-0.35210512766387386,162.3786053220745
297,-0.8582333852360946,-0.35241149905537034,161.240629324289
298,-0.8513078841527479,-0.33455846460515665,157.7338402626855
299,-0.8490092132117775,-0.32877250297504973,157.65053996905158
300,-0.8438456957734983,-0.3164018016864458,157.69518726979683
301,-0.8385431814775233,-0.30447766494671635,157.77331032199612
302,-0.8333258427777726,-0.29243676935466767,157.76651706446498
303,-0.8294588645073677,-0.28317552860062156,157.7196989647688
304,-0.8173603332493111,-0.2549929875678592,157.76572460747175
305,-0.8138263583333161,-0.24675833382428675,157.76146192379065
306,-0.8082429225510254,-0.2334097829235315,156.16150687980613
307,-0.8048496426860656,-0.22635504499415324,155.10350150058622
308,-0.7959813426764752,-0.20800811930716118,152.52716398580517
309,-0.7915954086752814,-0.1991619086969731,150.97243316501104
310,-0.7730030469246596,-0.16796927701686765,146.3837874274889
311,-0.7706644286492688,-0.16371279883599432,145.79940827740378
312,-0.7620571795825976,-0.15144094798065622,143.9106739410606
313,-0.7556683113936803,-0.1425356445604203,142.50001785021502
314,-0.7468181548886211,-0.13152156993432876,140.71803366607753
315,-0.7403763032162852,-0.12335895594482336,139.4271791019483
316,-0.7060273984460012,-0.0867202453762926,133.18151182085995
317,-0.7032213399231201,-0.08402597547319471,132.73847472111976
318,-0.6910912606497178,-0.07429982810875123,134.56633338899692
319,-0.6823390960251393,-0.06622870578276513,136.01030367925782
320,-0.6744522200518426,-0.058701115981890074,137.50314659415076
321,-0.6529030799161758,-0.0362654368124274,141.52974909628227
322,-0.6487134869638135,-0.031084136449159708,142.3664689347741
323,-0.6333365959356421,-0.012526635211567359,145.5670660313684
324,-0.6329442146461695,-0.011878055939116467,145.6129834535877
325,-0.6218246501137813,0.0036622398717740556,147.83580501385526
326,-0.6150844275084651,0.01351170959771111,149.29441090261057
327,-0.5928932704633155,0.05100123190303376,154.37427853120965
328,-0.5893887991429566,0.058640398803500304,153.06409468004034
329,-0.5863197720046561,0.06481298236129186,151.98011993027373
330,-0.5763925301005314,0.08269499964904137,149.78879680313707
331,-0.5688814495688237,0.094507814068791,151.9547447659364
332,-0.5497932974698084,0.1301172369118794,156.90171979658982
333,-0.5451520610579026,0.14013079703143838,158.35663638953974
334,-0.5391374689486902,0.15364164761907964,160.29496033399477
335,-0.5349634538472888,0.16417997649207422,161.71472546268674
336,-0.5300793589734787,0.17791049533472966,163.61625163140738
337,-0.5113687061731961,0.25333245116023123,172.4893222733885
338,-0.5094414148196843,0.2660453744594104,169.99301034878752
339,-0.4835174601631625,0.3582685114305468,160.09188572472976
340,-0.4823786568056643,0.36084582337465554,160.57590587973138
341,-0.4714702262339095,0.3929472555574461,161.32900683355567
342,-0.4686176012640568,0.40210231199176966,159.87015946703045
343,-0.46254044274863493,0.41658068588927977,159.53722593079178
344,-0.45888919343446616,0.42496066185951936,160.88588735854248
345,-0.45282927691478725,0.44081964698922954,163.13286734481568
346,-0.44246346607110115,0.4742680609699814,167.58707151168056
347,-0.43942372856545686,0.4852702449388318,169.18305813430626
348,-0.4366162687429013,0.49970046362801546,170.685323686056
349,-0.43343136643665015,0.5160877586097152,173.033875345493
350,-0.43207299177822983,0.5270435101304556,172.53909758494572
351,-0.4306112470557854,0.5350903779945457,171.374637136367
352,-0.42402079633377854,0.5692501402953636,171.5459998242973
353,-0.42197666885859586,0.5804633102164098,172.77699152344442
354,-0.4197373367229851,0.5932806866066723,174.40284379353787
355,-0.4177164380285211,0.607114745680821,176.27574048215294
356,-0.41662006224514464,0.6185061244130164,177.8132501097181
357,-0.4159186156804685,0.6249537198569427,178.68016993843275
358,-0.4146195016363113,0.6625266558504411,-176.66405264592547
359,-0.4149542196097773,0.670380091346064,-175.5629800732785
360,-0.4154838992486166,0.6842652271126478,-173.8498427955896
361,-0.4169544097477209,0.6989673822787286,-174.46169556077552
362,-0.4182601816946091,0.7121553400790861,-176.3778171531865
363,-0.41856781554175815,0.7178866346007079,-177.0744911987341
364,-0.4158134428959684,0.8038550773050896,171.58798421192756
365,-0.4155747765477188,0.8068328351226302,171.30943122621133
366,-0.39374993117232715,0.9033692010447284,174.12731863010276
367,-0.39331493680127155,0.9072378811830758,174.64220490642415
368,-0.3887252596060653,0.9583066081182239,-179.1420430202633
369,-0.388624867892976,0.9648902402427884,-178.4252505693565
370,-0.38835450093256285,0.9780160186813881,-176.6370565471367
371,-0.3885886378324605,0.9849808806163184,-175.7694960665533
372,-0.3911011958869286,1.0242487160530422,-178.70170937440017
373,-0.3914681764404035,1.028005329467502,-179.15267934214341
374,-0.3913785206890106,1.0438399941344803,178.79161960372403
375,-0.3916267699434581,1.0536824424916593,177.4979489232462
376,-0.39062223399036156,1.067256384270378,175.63394860239936
377,-0.3900084264852781,1.0774560247264666,174.45100540461843
378,-0.3853134729349158,1.1137276467394486,169.77319723311587
379,-0.38396168683384524,1.1206295521385494,168.90124106811032
380,-0.38188845374267494,1.1318011787232594,167.48664568388324
381,-0.37868414248287124,1.1457167791909455,165.66658840069692
382,-0.37510154064057705,1.1591123416291509,164.0880208710419
383,-0.3724367779399378,1.1685633334233625,162.82339176430457
384,-0.36133814519506463,1.2001191955653006,158.33819966046119
385,-0.35794876253828767,1.2088558278976453,157.20019843661888
386,-0.3535946884317508,1.2196767536537603,155.63982061670106
387,-0.3480230764837613,1.2319453369786033,154.08499627033797
388,-0.3439101373568083,1.240124039836589,152.77061877080305
389,-0.321286351294895,1.279822748798003,147.0075881926313
390,-0.31619599489028966,1.288012917446393,145.75445337051784
391,-0.3082367626738346,1.2997036098188464,144.13205071705104
392,-0.3008402897555368,1.3100443309096377,142.63970388270897
393,-0.29342258600859705,1.3198852231176021,140.94619686747265
394,-0.2850157531354229,1.329664329586446,139.22538344937442
395,-0.2482382656727827,1.3686452354964398,132.3748327176314
396,-0.23984301650142714,1.3767671720173034,130.97631688433268
397,-0.23039037668216403,1.3849389468562856,129.50759027299745
398,-0.22332202037432025,1.3905790379750023,128.11625752639333
399,-0.1949830578052287,1.4116050182395385,123.9549629727046
400,-0.1882330591297957,1.4161679683873267,122.99138370012787
401,-0.17757082099645757,1.42310085177823,121.2673129152654
402,-0.16722809365824554,1.4293984636330594,119.78232096945193
403,-0.157092100822695,1.4352011170171943,118.32226226073159
404,-0.14234584358218055,1.443073470887851,116.23989393829994
405,-0.11395473355702562,1.4566124381718224,112.22726159365965
406,-0.10780206437130875,1.4593654328152432,111.27708056757726
407,-0.09505007007247396,1.4643953074246365,109.67778428478279
408,-0.08389996201212588,1.4686546383669048,108.29715300405552
409,-0.07253697890053151,1.4721061556270576,106.72148634401029
410,-0.06030204371594071,1.4755924148351314,105.45305005172122
411,-0.015662654625243726,1.4852836856842226,99.28294529599142
412,-0.008974338922800614,1.486664612987601,98.56481696446606
413,0.00441566603031237,1.4886778710705522,96.69143166389112
414,0.018101306314228682,1.4901298608438804,95.1006118017182
415,0.028631138475532524,1.4913005273230626,93.63471306095387
416,0.07751917798867296,1.4920284462076225,92.4748737750522
417,0.08292750144399612,1.4922578195707374,93.07044513995456
418,0.0975733860245588,1.492594688696405,94.7196263537167
419,0.10900902090739054,1.493163723770916,96.53162310399281
420,0.12296708200963301,1.4939936944158745,97.72463488828458
421,0.15386138760815143,1.4980465530354636,94.71279252754964
422,0.16060946293132755,1.4989427747356026,93.90899468512643
423,0.1753170135612489,1.4993756979045738,91.49249341725309
424,0.18797036842957127,1.4998871235554325,90.48614362159188
425,0.20012542092826763,1.5001730798991415,88.77090278146495
426,0.21374617934332515,1.499880974712949,87.19880126114019
427,0.27209031937780903,1.4938515652538855,87.7443596608108
428,0.28048595565693746,1.4937937483115866,88.65512432523468
429,0.29047240156477705,1.4929939588556924,90.23042975035132
430,0.3041550283452478,1.4929685994509918,92.36354474292526
431,0.35094378186200925,1.4950165584211401,98.33049862194454
432,0.3575980841949034,1.4954206506705685,98.42661482119314
433,0.36948105945618304,1.4974461046311507,100.5394011977667
434,0.3845034395531351,1.4991827320289035,101.70241764401297
435,0.39649320064520294,1.5017077700284485,103.82340820246279
436,0.40218942699089655,1.5028256823477235,104.67670089051718
437,0.44637824696028533,1.514612544057485,110.31355665455862
438,0.4613837545156197,1.5199792205752578,109.38825597541154
439,0.47165885514468703,1.523959879070255,107.55549574752702
440,0.4847157993343038,1.5278355437233926,105.80254502278882
441,0.4911957490636882,1.5296218858005977,104.92152931872667
442,0.5425592127395047,1.5406863499107575,98.28106420164386
443,0.5505185538028304,1.5415884893358298,97.26634406794724
444,0.5597651572231059,1.5433025578936697,96.11477581156736
445,0.5680397792594628,1.544265000354629,94.72014260548174
446,0.5667706203220811,1.5442355049214191,93.86890176192325
447,0.5673089233575007,1.5455881434496415,88.19990393179076
448,0.5668633940904979,1.5461591321953252,86.77025324290771
449,0.5663522148620507,1.5466246255679301,84.61060486329006
450,0.566838536763793,1.5470533662273744,81.85511369584388
451,0.5665000122473133,1.5474796694971678,80.1086286088824
452,0.5663197540577629,1.5478071046917186,78.72346400693036
453,0.5672696249423963,1.5494567581113614,70.33246202250288
454,0.573936888254665,1.5470410791627254,70.07072512203838
455,0.5863533354811222,1.5422675270407302,69.90421304475821
456,0.5951043663105151,1.5388837951542993,69.94029331938383
457,0.6008766812662124,1.5378052447176018,64.60228259028361
458,0.601138278447277,1.5381216818696897,62.76111864719731
459,0.6015178843204315,1.5385816958620953,60.40710948243872
460,0.6041906976423068,1.537251373281096,58.9973633514436
461,0.617707138176586,1.5284384049721973,58.99425079920068
462,0.6256207172399635,1.523552818330105,58.89779433894652
463,0.6842971072794005,1.4863740708109487,59.049745221442734
464,0.6947812093158645,1.4799438234530804,59.01092799516594
465,0.7041473792547006,1.4740983404046857,58.96824189404419
466,0.7257656502944974,1.4606614860523308,59.065346016097955
467,0.7398600314056644,1.4517447753415245,59.02268604217564
468,0.7435925848460638,1.4493589404377623,59.113733813044654
469,0.7477950418199076,1.447021876374607,58.402225469348544
470,0.7480225084571479,1.4478662742501451,55.253918548197895
471,0.7479147178775323,1.4482969112664446,53.594908138413714
472,0.7852624014461754,1.4195024959255642,48.31435861074094
473,0.7858333802455961,1.419624876919068,47.306931084779116
474,0.8078624097266388,1.3973399736739844,45.2170208884638
475,0.8170078307679313,1.387774423377546,45.25760360324407
476,0.8264653778977229,1.3779923520963056,45.28167440715199
477,0.8353236205073422,1.3688598995461072,45.29119089911995
478,0.8418544309549822,1.3621182482974556,44.90577214606165
479,0.8666256911777973,1.332589158900207,40.41018862993132
480,0.8740991565237993,1.323571132953326,40.455510735299136
481,0.8816919519584558,1.3144805338797112,40.64938722543258
482,0.8858071783665413,1.3128816301329473,30.680313883495227
483,0.8890916886202592,1.3075227382154957,29.777709863173285
484,0.8957068233782193,1.2957235839673404,29.691646195922782
485,0.9133262129847607,1.2627509539667905,29.554433993896478
486,0.920923518435691,1.2486275835195317,29.494552466669646
487,0.9258968661508507,1.2397998100482037,29.08552804045146
488,0.925764175605064,1.240816472483234,28.040519059522016
489,0.9263383592213292,1.2405845914971716,25.916728603508798
490,0.9280493509400737,1.2416633934260803,17.377307278135486
491,0.9283949488634344,1.2418931444362982,15.232581861008784
492,0.9308515240806094,1.2332315026614606,13.971457549907353
493,0.9335510892297244,1.2207194067445102,13.826080203630541
494,0.946968192266567,1.1618335993061835,13.967753927545976
495,0.9484957901764214,1.156043790267693,13.975618431127513
496,0.9518112514020725,1.142104513500269,13.94828799434576
497,0.9541858852485384,1.1310206626290347,13.982567873594862
498,0.9623639093095917,1.0953777150860058,12.003154877992348
499,0.9622495477064601,1.096339900071368,11.209622319578752
500,0.9636031633805922,1.0949549601725281,8.87235442201213
501,0.968141468086818,1.0547858313501348,7.946659701221128
502,0.9688737628159177,1.0495629813484952,7.932307534739579
503,0.9711033039202505,1.0300567069371114,7.817229909968184
504,0.9728386865924395,1.0185201559164687,7.834409999290082
505,0.9744179830966555,1.0045794302583682,7.831750380319932
506,0.9747927343122854,1.0003403641171817,8.010831252500875
507,0.9790332950254296,0.9637610622684326,8.357292198175351
508,0.98053523290389,0.9536976251320339,8.291479444379277
509,0.9820531767914863,0.9405184733403961,8.148474309928144
510,0.9829601080017504,0.9351716986083387,7.479708615546774
511,0.9833555301167025,0.9357000714406009,5.818043294906601
512,0.9836304155591084,0.9362366728792747,4.265873661142629
513,0.9849359881612593,0.9057055930883566,1.4349476897364999
514,0.9847884207227792,0.8959718793084797,1.5838281879101257
515,0.9847981173426756,0.8826393387646092,1.6027347229031776
516,0.9850752890029955,0.865391033333185,1.4352232193104189
517,0.9850655190718823,0.8585919699210446,1.557280315106029
518,0.9851349281278666,0.7850414339013176,1.5108937337727402
519,0.9854904909343571,0.7733264311891476,1.2766772413769738
520,0.9856471815057803,0.7665602058565324,0.21822818182746093
521,0.9834933929177905,0.7191371946820236,-6.371623632880784
522,0.9824000821706189,0.7072598490485352,-7.82614027115323
523,0.9811933549952364,0.6951464830474124,-9.373186217284056
524,0.9790101294047165,0.6819647164425077,-10.850269455545599
525,0.9774726542139264,0.6748490547654801,-11.770132767552465
526,0.9696706995811919,0.6429685707520495,-16.03218322842295
527,0.9665437207053243,0.6319310034976264,-17.42928879546872
528,0.9632492815633025,0.6206466797607538,-18.671939551563685
529,0.9580874977106287,0.6061773753758406,-20.623173318348268
530,0.9563576516775993,0.6007762641395415,-21.421088304772475
531,0.9314092080032174,0.5475503663214761,-29.01971322013693
532,0.9258187856483345,0.5373161948312739,-30.407038718312076
533,0.9184033778867532,0.5254554617661319,-32.14841369084074
534,0.9142642699526079,0.5184618993763644,-33.23701243076584
535,0.906901259319779,0.5072149880853546,-34.97260546467522
536,0.8854596756498307,0.4786690249141455,-39.34979037771661
537,0.8817782319999791,0.4741229355705889,-40.058960313284196
538,0.872708270435753,0.46345457466762846,-41.768102251462366
539,0.8642291651778152,0.4540337789626854,-43.4937517280917
540,0.8561201413704586,0.4457799314908487,-44.677474684979885
541,0.8485065402814751,0.43806545545802095,-46.26510383385452
542,0.8147177957934172,0.4090636931278909,-47.927345194901
543,0.8067789837621818,0.40240431729921927,-46.52533328037734
544,0.7976922826252952,0.3945513523159701,-44.99377170735993
545,0.7867844931162419,0.38413381257857393,-43.28697957699023
546,0.7812154071794554,0.378761719218139,-42.12713952281415
547,0.7576202819824687,0.3536772012965686,-46.08952121906247
548,0.7511898257060575,0.34709003470867045,-47.281925284553
549,0.7401077495082999,0.33783923812976324,-45.57131017637345
550,0.730878973699267,0.3291815138659173,-44.087588078820446
551,0.7242590992175955,0.32282623229557855,-43.108407928374284
552,0.7133523564001231,0.31117898623430745,-45.60964187008806
553,0.6787439074708566,0.27887153049472263,-41.889299802271225
554,0.6740339288636167,0.2740211096679919,-41.01718397415156
555,0.6651096648307393,0.2639210074160042,-41.539378879923724
556,0.6580851849371123,0.25561558605671975,-43.35051874261784
557,0.6471786805809469,0.24463483838182698,-45.18001595069651
558,0.621693904794632,0.2206704285465891,-49.810051739950985
559,0.6210108782995798,0.22010798041141785,-49.95601866671052
560,0.6074897003937675,0.20953377038571708,-50.026989571701904
561,0.5975065531960196,0.20182861331351937,-48.067142667262274
562,0.5875604240594001,0.1936373829234143,-46.370083079275915
563,0.5782548317929211,0.18570062096137321,-44.69586261685473
564,0.5583519184686858,0.16653542074933347,-41.12664489127474
565,0.5497948653797083,0.1569978403718905,-39.64614862802191
566,0.5414801443820471,0.14781968006161564,-38.068889693926295
567,0.5329626782986704,0.1375190934600676,-36.38589226497124
568,0.5257246135342714,0.12858816009494603,-34.85579512288776
569,0.5172143608827504,0.11714184873927684,-33.12552674753102
570,0.49618683108857087,0.08566563044330557,-28.358248484328044
571,0.4882294533155292,0.07289213900591764,-26.70624081649551
572,0.4821937764727093,0.061421959128726666,-25.16484361618571
573,0.4760287733959551,0.04993712379691217,-23.724077540432656
574,0.4705207867131063,0.037904937950838935,-21.973262710079922
575,0.45748799999934947,0.007281461573801038,-17.643855009311224
576,0.45527610724087253,0.0012265796413613577,-16.90157473718905
577,0.4508992867501869,-0.012061617008692151,-15.251358170618674
578,0.4470249391137342,-0.024322049263337017,-13.6167930717929
579,0.4436558451975309,-0.036753064949378675,-11.93331574204856
580,0.4408306759705109,-0.04882860483163532,-10.421296661103199
581,0.4345664590541294,-0.07778841028435408,-6.780983616578254
582,0.4334720056191675,-0.08929819707979396,-6.527026704927004
583,0.4319739801233017,-0.10148149902399799,-8.32351088659821
584,0.43019807816155853,-0.1126679722935329,-9.75017443561264
585,0.42800948956124674,-0.12643669165437146,-11.711476728532748
586,0.4252714676697859,-0.13823329818494728,-13.458194180826688
587,0.4238568428912114,-0.14319137690939918,-14.112898252230622
588,0.41479971526256226,-0.1739812765279198,-14.826073058251351
589,0.4100010918605786,-0.18966404078660604,-12.873452103753495
590,0.4079100790115531,-0.19765844333421892,-11.788767204209462
591,0.40397232599958255,-0.21333294630947158,-9.526701849578723
592,0.40218373366122795,-0.222112158560238,-8.224087685662758
593,0.3998810402294086,-0.23233028557694785,-6.944530982247384
594,0.3939440763321854,-0.28305256773724674,-0.6040425684915594
595,0.39362640171148927,-0.2931004138425743,0.501449473169812
596,0.3931094048109766,-0.30602855932503364,2.0046373185541717
597,0.3931451760658491,-0.31937796204724833,3.6098660986927915
598,0.3931243856243164,-0.3259339703279828,4.431411793844611
599,0.39517182586387833,-0.35861721338559266,8.535310134754836
600,0.395783649408881,-0.36543456209621894,9.399850682886642
601,0.398552884772644,-0.385326080854492,11.840125172965074
602,0.4011914206273925,-0.39846561208421877,13.40022831803302
603,0.4034853905355413,-0.4103427167518071,15.075829228156376
604,0.41816507723996715,-0.46922338898774674,11.089980828201513
605,0.4192865617839146,-0.4740700102971134,10.573775306374475
606,0.4215762995174891,-0.48732018033672697,8.780411313210065
607,0.42286309548130774,-0.4976700797227122,10.213490317240083
608,0.43167091292217946,-0.5466671931794901,16.527654340092536
609,0.4333681688277495,-0.5531497899922548,17.22999995248925
610,0.4368574615450816,-0.5652640241952744,18.946158284683246
611,0.43861597489770915,-0.5716331797346496,19.763656057243338
612,0.44487045382182216,-0.5899886666875246,22.180581876654127
613,0.44751815373257275,-0.5972046815144187,23.137155903734005
614,0.4630744480561873,-0.6341381037988659,28.171166167879306
615,0.4649489594676111,-0.6383107818651114,28.686729960315418
616,0.47010597870355936,-0.6484164531096266,30.647317769199983
617,0.4770965139197138,-0.6619607507314627,32.047780374556034
618,0.482541799895217,-0.6716908014912291,33.45586182446003
619,0.4886212656804382,-0.6813544577502315,34.93538106528166
620,0.5227186893241893,-0.73299285529179,27.524057096259064
621,0.5245831643999044,-0.7368263986620259,27.068716536513268
622,0.5313137713238063,-0.750960656427537,26.04821560247476
623,0.5354057017962459,-0.7603033490407808,27.508062536275368
624,0.5605653042220636,-0.8075715439193286,34.499326428261085
625,0.5680137803969517,-0.8193138569725439,36.16474878698038
626,0.5765134429810311,-0.8306352272486491,36.53820175495377
627,0.5829381077413699,-0.839901853047258,34.72792176614672
628,0.6183252591411892,-0.899289597790284,25.742461180058857
629,0.6221130705545056,-0.9061760546653228,24.61511732499501
630,0.6269367980950754,-0.9163085714028686,23.310100903268573
631,0.6499820109745145,-0.9713793564655623,29.468392174488088
632,0.6513912770922866,-0.9741469018469486,29.895373838456297
633,0.6564497060250527,-0.9842651111856461,31.516073337554435
634,0.6666692019026613,-1.0012530178314758,34.131318776386244
635,0.6910961898335658,-1.0379872136766601,39.18012633064262
636,0.697028327750201,-1.0456868930754084,40.558209705895365
637,0.6995435056695,-1.0481987359670126,39.95833627353632
638,0.6998136687228582,-1.047888891866218,37.707939666921966
639,0.7000296638529501,-1.0474119688543029,35.43165435164895
640,0.7007197572573255,-1.0468976702917239,30.25752455706928
641,0.7011486154344697,-1.0468204484261607,29.010801411375482
642,0.7014820984815782,-1.0465360987374657,26.89440656023823
643,0.7019485277650738,-1.0459478357877832,24.88652764199032
644,0.702380932794421,-1.0461077509507213,22.700875045832888
645,0.7031191698293215,-1.0470595850966216,20.516369291251603
646,0.7130376564823512,-1.0763942133938402,20.385155868694927
647,0.7155059647588808,-1.082215467102499,19.960948517523597
648,0.7155675543461095,-1.0812103353948275,18.914726142577877
649,0.7160691715655875,-1.0814303527980065,16.551893344634863
650,0.7164738777470413,-1.0813173470529478,14.46524255847635
651,0.7168111456973542,-1.0809215864536652,12.671361784057574
652,0.7177177370555963,-1.080748576768288,6.772673956677472
653,0.7182572640792247,-1.0810625523448674,5.71773185724119
654,0.718790177541367,-1.0806991059102415,3.6913138248056043
655,0.7192767941450318,-1.0804961337450725,1.6492916490771556
656,0.7197170868985543,-1.0805317838279365,-0.6761359968408415
657,0.7200494311001706,-1.0825788263643812,-2.41585135639243
658,0.7172740346709677,-1.1192491892958463,-2.7664764137798015
659,0.7168859915402995,-1.1234084443978363,-2.707156889621016
660,0.7161094476314662,-1.1309049735586616,-2.627446021125995
661,0.7153008975420253,-1.1413794429115858,-2.5998442114153413
662,0.7139920962101205,-1.163076631587222,-2.664960628059173
663,0.7136207317879224,-1.17036936480931,-2.6134995273133614
664,0.716681848196991,-1.172642991587504,-13.703917047338663
665,0.7167161081644873,-1.1726675851810862,-13.792153324398388
666,0.717053780140411,-1.1728489159528817,-16.545298518877598
667,0.7173238167695734,-1.1726300119659283,-17.376178789677503
668,0.7186137725376653,-1.1725155399636595,-21.75919009162912
669,0.7187734531208535,-1.1726408778709492,-22.212681450219293
670,0.7163012516685872,-1.178173631129943,-24.75394094224402
671,0.713028020115802,-1.1850093592051758,-24.797624660961105
672,0.7043460588071507,-1.2027240925052738,-24.59733701788663
673,0.7009206122913977,-1.210145320553075,-25.26177701274759
674,0.7013838541277359,-1.2093502825777258,-25.599864327677533
675,0.7020878488026892,-1.2097950041936791,-29.877620035596042
676,0.7022391737481093,-1.2102285764176284,-30.710108275101604
677,0.7029311471859422,-1.210096688840605,-32.39820266989827
678,0.7031512915826826,-1.2105869660477986,-35.47529870787351
679,0.6990604947109076,-1.2163503465853926,-36.914118354540996
680,0.6906558261420632,-1.2270182683097586,-36.92832531427356
681,0.6865254903752228,-1.2319614226535545,-36.904537209118025
682,0.6796838563702503,-1.2418753888911638,-39.59341965972808
683,0.6803079813784682,-1.2420144155975634,-41.24003456610727
684,0.6804431037780634,-1.2425262280482883,-43.68208287865168
685,0.6808322372764949,-1.2429095140026138,-45.59810936793456
686,0.6809282224957565,-1.2434675637355155,-47.80122507923671
687,0.6815132445989494,-1.2434801900541037,-48.97064321514504
688,0.682169797778147,-1.244199546438065,-54.229228375549596
689,0.6821856909998372,-1.244775116775143,-56.29826568661102
690,0.6824595375936607,-1.2453621324647524,-58.34661448899989
691,0.6828699754821606,-1.2455233664429892,-60.63101904177798
692,0.6823796841279477,-1.2464477836661851,-62.801585730005144
693,0.6749175746715219,-1.2500795012747525,-63.02562297702224
694,0.6387518370160009,-1.2675128816891228,-65.00743672788126
695,0.6387807727762682,-1.2678420490056994,-65.90083129226969
696,0.6387861743799215,-1.268435568286229,-68.05318734184863
697,0.6390027278967431,-1.2686569226924482,-69.69556754574701
698,0.6397254285914797,-1.2698254464618173,-76.10342116718498
699,0.6395594984338565,-1.270074005349515,-76.6503138147999
700,0.054755326691070444,-0.011391337975586549,-8.30061801911692
701,0.054722235225641284,-0.011516152439822784,-8.295811969510002
702,0.05240381687597383,-0.17398665704181293,12.028059376056273
703,0.05293972810323699,-0.1768525100050266,12.339688624090085
704,0.06818141203669754,-0.24201727977638723,20.82035604428581
705,0.07051140045149924,-0.24954150438867678,21.7739440970227
706,0.07409129906792383,-0.2596239587400371,23.204007375565435
707,0.07697207569501109,-0.2680867440991276,23.956980148680266
708,0.10577100481895255,-0.3276343513663616,30.343448681301588
709,0.10779105239865742,-0.33094747670326374,30.363231537312327
710,0.11391879875596052,-0.3425197503126174,30.38005586878664
711,0.11856106376707874,-0.3507578878273713,30.186460348464912
712,0.13673700469879474,-0.3837954870711242,29.994854694149648
713,0.1404832085687494,-0.39011873963490984,29.943530533667193
714,0.14673802097669816,-0.4021196642669618,30.544114652681337
715,0.1532199570784643,-0.4134103572875437,32.28584564253635
716,0.16036688285986175,-0.42577217344569607,34.102216641149084
717,0.1639349295026342,-0.43201773460967713,35.321232469090766
718,0.1987708309565362,-0.48001094503998465,41.488016482003985
719,0.20606439904198068,-0.4882082642501227,41.275107942919135
720,0.2121932218266117,-0.49553408659280024,40.974570850891986
721,0.219466533950003,-0.5045587297240915,41.026656823740005
722,0.2648450719775579,-0.5587493368483898,40.87412063018061
723,0.27231833292492186,-0.5678004203256186,40.81909846465105
724,0.27923543312706467,-0.5757845850365225,40.80016721129591
725,0.30083255420357186,-0.6022076376565518,40.84723094612164
726,0.30677328661413583,-0.60902669135562,40.830151715431406
727,0.3153257582377436,-0.6195591346806286,40.8907692408327
728,0.32311411785995087,-0.6291096668523287,40.92362075061087
729,0.32674712880008583,-0.6332445206839379,40.13609182786651
730,0.32614300324292494,-0.6323183016148667,39.23170105500227
731,0.327302955672398,-0.6315942198153839,33.594657223746935
732,0.3278503674680545,-0.6315217574963093,32.128985409302196
733,0.3279905946970108,-0.6311890574067155,30.642752600377637
734,0.32813144461665944,-0.6309228203417749,28.90434347665046
735,0.3288281812907084,-0.6303263834912435,26.091858024154323
736,0.32944872750197984,-0.6303554561649863,23.459035830472523
737,0.3315754969426148,-0.6329937756878096,15.568281382519476
738,0.3347342851546931,-0.6451287255094295,15.457099373557936
739,0.33888685617384084,-0.6616430679964043,15.482762144960489
740,0.341869314071589,-0.6740767675143159,15.51667073927123
741,0.34575121629187433,-0.6858824399674175,12.642951439237418
742,0.3461612731298302,-0.6864205547662214,9.80141912063729
743,0.34660855863754325,-0.6863821491825245,7.778222951433317
744,0.34703730286137524,-0.6860376051835665,5.468693713008366
745,0.34785661243021354,-0.6926039673259319,3.608642840593291
746,0.3490587901823152,-0.7323030449238138,-1.4981910442173807
747,0.3487623238125263,-0.7420039879992455,-2.702478181864247
748,0.34780340630876283,-0.7589490633467284,-4.993865411544207
749,0.34682116153284853,-0.7663754496152497,-5.7586158175936895
750,0.34485203628845695,-0.7858259707424828,-8.30827236547974
751,0.33671614631499713,-0.8283891709521382,-13.756495117009042
752,0.33528589231183437,-0.8356585369837163,-14.603894602616457
753,0.3320300197755239,-0.848054113589616,-16.003013445410133
754,0.3286758867073536,-0.8591947553000415,-17.842400014508804
755,0.3251706441710539,-0.8694767733294225,-19.141404343648237
756,0.31025495081159005,-0.9087744667508033,-24.442197645237666
757,0.30481599308352586,-0.920359500520943,-26.017579013254316
758,0.29780184299274914,-0.9343122794322948,-28.004139684333442
759,0.29330181883873346,-0.9427079484407339,-29.02184129502868
760,0.2864041974426389,-0.9552887245979375,-30.971808365555958
761,0.26172695971064547,-0.9921524673014745,-36.44618238754682
762,0.25599916714272736,-1.0004126267835947,-37.742371115915184
763,0.2481463060019648,-1.0102530222298578,-39.33374500434799
764,0.24128248984633988,-1.0187696382457143,-40.8059028638254
765,0.23435506078894944,-1.026804122843363,-42.240597458308955
766,0.18119563157117388,-1.0815868591600175,-42.649670580497435
767,0.1764965889451604,-1.0867037738478176,-43.61959197080969
768,0.16868491357489734,-1.095137007512436,-45.058539583925445
769,0.13201647459102347,-1.1291642527054555,-51.95465067284501
770,0.12177228861308467,-1.1373938460090534,-53.70307788169372
771,0.11121433502461157,-1.144931002485296,-55.18567918840735
772,0.09990159083740056,-1.1532977957906931,-56.91144164441217
773,0.09462021367495753,-1.1566680896513488,-57.8606714688593
774,0.06711121992048902,-1.1741881647142034,-61.647390778212895
775,0.053389202939033334,-1.1813704058442118,-63.41082053669641
776,0.04852501244252752,-1.183579082395028,-64.16445035742325
777,0.03330307206336784,-1.1910157529098104,-66.18247566872797
778,0.017721213780330734,-1.1974222437318902,-68.3740592252004
779,0.01211913204574147,-1.1998693793489366,-69.08878979536247
780,-0.014219641714000496,-1.2091315539325411,-72.73912281567937
781,-0.017215857914942918,-1.2101234626767636,-73.06856242491106
782,-0.030106295616489052,-1.2139111873400898,-74.71845282923013
783,-0.03935968850715499,-1.2165076970402402,-76.06111342245775
784,-0.05687024833491283,-1.2204677718692762,-78.30493211655718
785,-0.06854745498421677,-1.223099574151605,-79.77465823920559
786,-0.07621830275040331,-1.224401102404862,-80.78291377823669
787,-0.10514187494089335,-1.2286462043861062,-84.46821554264929
788,-0.11716888192335208,-1.2297848685360022,-86.01638911688762
789,-0.12812913968952108,-1.230208917933392,-87.5224303219005
790,-0.14641837948765457,-1.2311273181088533,-89.55811942805025
791,-0.15981382749253786,-1.2309824961405063,-91.14322570007612
792,-0.16817003774984088,-1.2308480419486334,-92.16510539249163
793,-0.19672023682672846,-1.2294601274258425,-95.99833189411018
794,-0.21221924605789946,-1.2276979073155787,-97.94623056353693
795,-0.22556378546328396,-1.2256057076946043,-99.56999866485302
796,-0.23767244441102794,-1.2235047163442287,-101.11441690124462
797,-0.25056623847390985,-1.220962081211777,-102.77624808097461
798,-0.2596784186781038,-1.2190042330157136,-103.92943849052473
799,-0.28432051745941594,-1.2123218844849424,-107.32395914031936
800,-0.3010618282092041,-1.2068838495926193,-109.39493234904963
801,-0.31301386128346714,-1.2028627379223156,-110.9004642080135
802,-0.3257556424318632,-1.1974851865971872,-111.20730506593955
803,-0.336263570616224,-1.1934972179577215,-111.15009088125159
804,-0.346553140892857,-1.188987032330766,-111.14836209925245
805,-0.3707411849218459,-1.1789332306038485,-111.26136197213657
806,-0.3822769081595454,-1.1740288454840198,-111.25999933585001
807,-0.3970687546276472,-1.167882835609218,-110.00927965977921
808,-0.4096496892153712,-1.1631202364761453,-108.18757621062028
809,-0.4207455006396971,-1.1587232985271552,-106.57928139598998
810,-0.4332540795875497,-1.155141843647191,-106.22899005136547
811,-0.46578762738703144,-1.1448762602829203,-106.55626769603772
812,-0.47034576897437924,-1.1432998286597056,-106.51875003917242
813,-0.4833628482335883,-1.1389774631354617,-106.49573469086529
814,-0.49525338045893486,-1.135461315701416,-106.46105354938658
815,-0.5079471566567252,-1.1312988646915458,-107.91040925460184
816,-0.5202714617218138,-1.1273044941024817,-109.4952788287764
817,-0.5423371713242797,-1.118683988485245,-111.0761126896557
818,-0.5426319603176326,-1.1184116953283922,-111.0727056055205
819,-0.5578683980635789,-1.1119551435544972,-111.20903501583204
820,-0.5698537442468731,-1.1069942827294295,-111.3536710773608
821,-0.582618977473671,-1.1019079897043076,-111.37047854864747
822,-0.5908688327716972,-1.0984908361852286,-111.34491241152998
823,-0.6009799830296473,-1.0943425803579372,-111.39554920519552
824,-0.6468219321845304,-1.0758924693404237,-112.67581113170085
825,-0.6551964079246361,-1.0723842959340935,-113.87208841155177
826,-0.6678150430766163,-1.0667003407338318,-115.53097656078441
827,-0.6786156496101585,-1.0611655552937813,-117.02110604123845
828,-0.6911582881935355,-1.0548846158122995,-118.8364807386482
829,-0.7133384288012338,-1.0422377256345858,-122.37763901835926
830,-0.724037332627937,-1.0349353466860676,-123.98465838534794
831,-0.7346528025518738,-1.0279720613163044,-125.7277973591392
832,-0.7449481797556107,-1.0203158136005135,-127.33811694437492
833,-0.7554934976989449,-1.0124643551242896,-129.01404522348082
834,-0.7643790386912144,-1.0051653310278683,-130.46577218916187
835,-0.786089644674134,-0.9854499572731907,-134.04411125533986
836,-0.7946330642976954,-0.976578348181366,-135.51871907363918
837,-0.802278261879433,-0.9690935317029143,-136.7934285882677
838,-0.8102284080575194,-0.9600898929260714,-138.4164595614387
839,-0.820939716785738,-0.9479554344107979,-140.46803284947856
840,-0.8281911659172603,-0.9391786162845148,-141.91072624590836
841,-0.8498830800590019,-0.9107475272610702,-146.4813419610132
842,-0.8521173230388959,-0.9072835539270581,-146.94267615055614
843,-0.859036320327429,-0.8968054800356245,-148.49591800119973
844,-0.8660525689912844,-0.8848786356711452,-150.10487183443922
845,-0.8721971293389996,-0.8742763084232935,-151.6565838443235
846,-0.8786763723705122,-0.8614671756254892,-153.44255214801365
847,-0.890975122452026,-0.83565623093107,-157.0421635191002
848,-0.8950953439876844,-0.8265686406507657,-158.34830853918797
849,-0.8995711517610137,-0.8151276305555295,-159.8881432497341
850,-0.9038084477622437,-0.8031969797505253,-161.3835193437769
851,-0.9081654783847968,-0.7901629494641375,-163.20445444617158
852,-0.9120490679982391,-0.7773330164686122,-164.95525246326181
853,-0.9222664722791213,-0.7321536074339867,-170.88902167625136
854,-0.9228695261782648,-0.7272482274492912,-171.46920804020377
855,-0.9248410591381458,-0.7146866744356725,-173.04237450845866
856,-0.9260596402820505,-0.7012001190313086,-174.63456682723037
857,-0.9273648236434267,-0.6887467401841928,-176.29284814452612
858,-0.9283502077217575,-0.6406770564334217,177.61657926391888
859,-0.9281986947372844,-0.6379020878628138,177.3236572899713
860,-0.9274235228268738,-0.6230568865248528,175.37275677685068
861,-0.9264386939422465,-0.6113029333500376,173.89832634443235
862,-0.9246641971905842,-0.596284385959147,171.9852362116055
863,-0.9188296395701628,-0.5624308607015419,167.66069316775477
864,-0.9178288144139567,-0.5581595123634752,167.1476457281981
865,-0.9148051799707567,-0.5457644049956752,165.5280935938227
866,-0.9119485962034726,-0.5346940415758034,164.20559080500388
867,-0.9078981501727305,-0.5202267537786033,162.155302426123
868,-0.903832549398466,-0.507397163702777,160.46427128766516
869,-0.9019511248755915,-0.5026304433314269,159.82502401059904
870,-0.8723581839107725,-0.43581117488894144,150.45393073918692
871,-0.8672540605046097,-0.42645793098306894,149.0100602951928
872,-0.8630971605149739,-0.4198838685136962,148.10270859920493
873,-0.8491281692287108,-0.39803055239247204,144.8746059673951
874,-0.8463055209846059,-0.39376302954258763,144.31415161091533
875,-0.8376960258993525,-0.381627507693657,142.52831406068236
876,-0.8332592778138895,-0.37600218565873206,141.33533981160858
877,-0.8210099829311316,-0.36060593292055715,139.13787545267238
878,-0.811964700936478,-0.3505661977554088,139.12413010867007
879,-0.8073065556333467,-0.3455691379768574,140.3362512892297
880,-0.7769880648859168,-0.3090079747264171,147.2350306756424
881,-0.773234188860739,-0.30334691742022685,147.96762918142974
882,-0.7672317015859996,-0.2945267876420277,149.54484318172655
883,-0.7610563887808154,-0.28469336193966516,150.9401941264428
884,-0.7552787903938332,-0.27506290642856185,152.25364002372484
885,-0.7227142105412107,-0.20998057804470466,161.64607702904348
886,-0.7188858721286534,-0.19954913232789864,162.62645174665937
887,-0.7157383547620924,-0.19096332634251778,163.71710844323172
888,-0.7064488429554235,-0.1609307794821782,167.7006021450039
889,-0.705011352182268,-0.15587513993069488,168.38858508991223
890,-0.7003949129672096,-0.13626534729320752,170.834972953542
891,-0.6981343126612888,-0.12447292796303089,172.37440982067506
892,-0.6965459705800309,-0.11495203206078249,173.72282841129277
893,-0.6943149913667018,-0.10076060601805684,175.326568565166
894,-0.6904556290530928,-0.044033519428392634,-177.50218291448454
895,-0.6904222129178199,-0.03338353528276963,-176.4335070006459
896,-0.6907537261398504,-0.022466914206580983,-175.23476003724375
897,-0.6916379133504198,-0.007812732077780854,-173.16502480299872
898,-0.6973222157232362,0.03743890158118091,-171.25719239044665
899,-0.6987956458121439,0.04433227459906711,-172.5755210939109
900,-0.6997877576425733,0.053189368797021144,-173.55833812394687
901,-0.7016704075401925,0.07172396407286331,-176.10214229773933
902,-0.7023649230559987,0.08397844795407058,-177.63236126754666
903,-0.702484338474417,0.11015513251911577,-178.95962981740306
904,-0.7024526476959883,0.12375166496741347,-176.99247900368204
905,-0.7026668790053437,0.137206152309517,-175.30053654097557
906,-0.7030724356330569,0.14892300527306115,-173.73252210705917
907,-0.7042551880140839,0.1644497585221341,-171.72221339524347
908,-0.7051937417062498,0.17421558744760304,-170.65352929447678
909,-0.7109453760679103,0.20800655927804598,-172.21868059057647
910,-0.7119259710348487,0.21408844893469794,-173.02327326540407
911,-0.7137584123753243,0.22843246823647856,-174.79060118254748
912,-0.7148501458516137,0.23953542571123607,-176.53394575985573
913,-0.7157775789960541,0.253985150730514,-178.23922456958564
914,-0.7159440931584101,0.26641849017084873,-179.79021276258072
915,-0.7145802945015721,0.3015190539108031,175.85780867805911
916,-0.7142482530479285,0.30571145521853704,175.38923536068856
917,-0.7130530080055802,0.31818292356220984,173.6687470935353
918,-0.7115435134809427,0.331543715214862,171.92508372713775
919,-0.7096785714634087,0.34373541021561355,170.44493940936817
920,-0.706683844923118,0.3591869158477624,168.4379870144768
921,-0.6989240973145583,0.3892246688808629,165.7231953572807
922,-0.6969614137335755,0.39683245931916017,166.96059331001192
923,-0.6937660305784287,0.4101303607830874,168.74244090270977
924,-0.6909827865595972,0.42149463801472786,170.3413334784885
925,-0.6882663297417903,0.4349122927348074,172.00687834250226
926,-0.6864742581162554,0.44847699641045313,172.06322022762902
927,-0.6789702340189387,0.48843157364930184,166.78882313707686
928,-0.6767743395291786,0.49875279633440983,165.3469157218363
929,-0.6733882745198616,0.5114472779234721,163.52636229160615
930,-0.6692351122639588,0.5251691357050505,161.7379553938229
931,-0.6652206576663241,0.53718033166282,160.13825862921755
932,-0.6527506936006969,0.5690446484254389,155.8100492717998
933,-0.6506726496905464,0.5733010755465723,155.21424223100715
934,-0.6452360566967192,0.5854799362111789,153.56990986389098
935,-0.6390748405038719,0.5975742241611147,151.84098882132517
936,-0.6349781390431715,0.6055506527213907,150.54806366960304
937,-0.6266028753270717,0.619793574273731,148.4887304748419
938,-0.599693582720257,0.6587130644324363,145.82594361855243
939,-0.597739574760893,0.6618758268377092,146.2265838104713
940,-0.5908941417108955,0.6712328773690375,147.8643585121677
941,-0.5830702641451866,0.6830656195854741,149.91850674388297
942,-0.5747057944502393,0.6960215249532663,151.3886521763284
943,-0.572472312038386,0.7000458080295043,151.5584018423007
944,-0.5521627649097441,0.7347483420847807,146.03222335428705
945,-0.5481727992835407,0.7407951606984758,145.0898311806672
946,-0.5412280277812247,0.7509885777888597,143.5670312880814
947,-0.5345711608678568,0.7602780619629446,142.14876156427474
948,-0.5262151578613128,0.7712543945722287,140.2520411786089
949,-0.5224108216680688,0.7754751962596651,139.35585095384238
950,-0.4970449471224852,0.8032855632532114,134.4869453064855
951,-0.49032367337822025,0.8100085505737579,133.50776231489556
952,-0.480555070699594,0.8184353513459003,134.38348023561522
953,-0.4749863002806833,0.8234193098172045,136.13576853851288
954,-0.4629506345441145,0.8352285303947771,137.7509211218097
955,-0.4584806719326425,0.8390754721528292,138.5161935218813
956,-0.41768428014286046,0.8865970693458537,146.1618991833153
957,-0.41061879392285455,0.8964672429455695,147.7735366818243
958,-0.4040077328352482,0.9060489816101516,149.0733028232267
959,-0.3996811470134626,0.913080951824237,148.7194173706223
960,-0.3789142231365975,0.9443613280603085,143.24569126212765
961,-0.37418547132076757,0.9508206877635911,142.30382610989417
962,-0.36689976385143513,0.960508792518469,140.8594177172921
963,-0.3590606444981798,0.9697980256798859,139.21215684778463
964,-0.34971614785672916,0.9805704354192702,137.4721835636859
965,-0.3453601982237899,0.9852152303980382,136.40861217036127
966,-0.34631377732001595,0.9863284251182438,130.36744678764478
967,-0.34666285271076147,0.9866549860396331,127.91782438298874
968,-0.34406999936147126,0.9889059947550486,126.1000835344691
969,-0.33242274987411335,0.996933467692307,125.80417213489157
970,-0.32803830310745885,1.0002599770274234,125.31144505948556
971,-0.3290872996108593,1.0012812858919353,118.09327660869103
972,-0.32884633294545457,1.001844459756748,116.6930496682242
973,-0.3294660702429135,1.0020209921078436,114.89162200459367
974,-0.32949608890406173,1.0023789834227745,112.40569011072692
975,-0.3300128195305605,1.0025749866321043,111.33813911240416
976,-0.3305212281594116,1.0041404757013541,104.00315837049811
977,-0.3308664926903543,1.0044373158899933,102.96802147786154
978,-0.33081159371608815,1.0049764835869135,99.81330524427126
979,-0.33105754834732776,1.005455040978285,98.07582819942209
980,-0.3277319382676796,1.0058613301234,96.43157054609955
981,-0.28692731081423195,1.0098742600353472,96.27455873185662
982,-0.2724309614272378,1.0110408129989643,96.34294855523721
983,-0.2710455905104216,1.0112432126385162,95.57541258810349
984,-0.2711678901203218,1.011746548327792,94.53199854224869
985,-0.27085087319528156,1.0125433124727954,91.38389471623074
986,-0.2710523871530015,1.013449492391955,86.16204721342426
987,-0.2710075788031193,1.013907313780142,84.77618434323824
988,-0.2632837117674158,1.0131797604210406,83.3673986756521
989,-0.2507741657123444,1.0114558367376567,83.25872779685706
990,-0.23680965083113092,1.0095268958855392,83.19203853537586
991,-0.22885707582023318,1.008633244907594,82.72002177315477
992,-0.22919407131798653,1.0095098288399675,78.39434336636909
993,-0.22861211176881355,1.0098554813293037,77.02909359678401
994,-0.22848560623770198,1.010331320968945,75.29259917378886
995,-0.2280056471424055,1.0107067195451411,72.69098923414194
996,-0.21643989532500643,1.0065762888567893,72.14236182228069
997,-0.20525186764288103,1.0027774605550457,72.01023020068236
998,-0.18662958082115286,0.9966871464983897,71.45320112933943
999,-0.18711036283276022,0.9972951107167293,69.82927145841732
1000,-0.18683867572597737,0.9977255865074636,67.54312337692977
1001,-0.18703948866895037,0.9983296085138679,65.86181415960985
1002,-0.18655078882283954,0.9984070997979919,63.16044669257936
1003,-0.18488180834256623,0.9980302943577195,61.312290447085694
1004,-0.14758580266466395,0.9764956049873523,61.00890455422835
1005,-0.14460308237325983,0.9750547010046189,60.49067402880467
1006,-0.14459438859831933,0.9757381363208759,58.50129704448684
1007,-0.14011317799774684,0.9727720087149707,56.730932217371375
1008,-0.12856894021361293,0.9650056083716396,56.65531313219126
1009,-0.10186698122471874,0.9468246948221579,56.7051948360068
1010,-0.0957861899450736,0.9430673400500434,56.689100361744735
1011,-0.08794317581853141,0.9379346167842105,56.6801377311849
1012,-0.07423633576272803,0.92844506183458,56.68329306145284
1013,-0.06438552199783659,0.9217116675057709,56.622364601699175
1014,-0.05280704509831614,0.9136299878262143,56.62541622867158
1015,-0.03014874413086903,0.8975399666685075,56.57079948955597
1016,-0.019845239080449183,0.8905417668381906,56.64430682076861
1017,-0.009978696238023745,0.8838862693691117,56.611237713448716
1018,-0.0001152743277456311,0.8773023632243272,56.47322924727519
1019,-0.00019880135912319716,0.8777838406150904,55.331054432303596
1020,0.0002721678933369737,0.8778138108333745,53.10539001857349
1021,0.00040760243628931145,0.878603145516495,48.004635285188684
1022,0.002182323643305855,0.8776147675647226,46.89272813950813
1023,0.012330938508061037,0.8674511504719375,46.77791017682245
1024,0.021976845457107434,0.8579685649535576,46.65539389193577
1025,0.030161973775319467,0.8499455626175728,46.28810245845479
1026,0.02986908104232312,0.8504905284214651,45.09841599759277
1027,0.030425685491262497,0.8516861787928858,39.37432441872325
1028,0.03080304908762628,0.8516005891991631,38.784019074793704
1029,0.030679861100553804,0.8517324362238685,37.65622220706544
1030,0.03153564393656463,0.8521879217770056,34.26915708907604
1031,0.03174567029332692,0.852547601964449,31.93120367572347
1032,0.03211912677536397,0.8526446490510272,29.88507209006175
1033,0.046553025181234345,0.8200842767542457,23.426948331915387
1034,0.04812578331933916,0.8177305542370956,23.301729073968687
1035,0.053951603522482086,0.8037399682406625,23.31503753894542
1036,0.05577722084997841,0.799408538039174,23.397754228309907
1037,0.06906088728858897,0.7675611398572076,23.29326733903747
1038,0.07270155837838387,0.7591051353652362,23.28133717654762
1039,0.07356910798411034,0.7577341210038571,22.264835496663842
1040,0.07403060520931633,0.7580228084874777,19.807158370514614
1041,0.07436045626007791,0.7582171131521803,17.960366934594717
1042,0.07421656212821956,0.7586700427817055,17.121758764120802
1043,0.08537891504142756,0.7159297662657677,15.453305876808596
1044,0.08757025579575188,0.7084978803822467,15.491714014387512
1045,0.09083380817352882,0.6950340731740112,15.510478795453851
1046,0.09297806586756167,0.6862781625905569,15.512817303896245
1047,0.0959944632116518,0.680394813513835,7.886023380930928
1048,0.09650035745221816,0.6807633187258948,5.729438984886723
1049,0.09674086294045146,0.6806471639521381,4.2641433239586854
1050,0.09717069788179984,0.6806130918655946,1.9137750253159256
1051,0.09745707399997916,0.680337877035974,0.5342328192717057
1052,0.09685942716830766,0.6490847101916465,-0.14768458882535893
1053,0.09666544804420002,0.6376637392566191,-0.2373701507440032
1054,0.09610571871983523,0.6249887375511166,-0.14374395390827696
1055,0.09596862704431483,0.6125834623520895,-0.1468213330006936
1056,0.09547988111840966,0.6031861120717901,0.19892856579651452
1057,0.09710955285941986,0.563720552007191,4.597397586278651
1058,0.09750498397737052,0.5517170402036262,4.613401825243599
1059,0.09798027904467911,0.5433523269780279,4.50469031339182
1060,0.09909127440994811,0.5272892398067484,4.484690641890712
1061,0.10389466938914223,0.46066080163508866,10.00620755681434
1062,0.10546607304944544,0.44830697142445103,11.508823564939155
1063,0.10750377275633129,0.4365480763239318,13.164464490199068
1064,0.1136144925513506,0.4068532583029828,17.09131401016605
1065,0.11634402693274414,0.3973838375344141,18.307691316870592
1066,0.11961641691699969,0.3859676051268409,19.77538825551147
1067,0.12391130178484946,0.3723993980582829,21.7471959390226
1068,0.12843083383540052,0.3596961465353443,23.3847523351853
1069,0.1311946299853869,0.3522510655244701,24.07808407605722
1070,0.15400811128631947,0.304643647456093,27.854044309836603
1071,0.1569518676719413,0.2996712489304963,26.879727516081587
1072,0.16255037840996514,0.2886326292958567,25.18184812702342
1073,0.16820633988686962,0.2759674442174545,23.488006925790305
1074,0.17299037846974116,0.26490324103168106,21.886415625796314
1075,0.18297917186751753,0.2377689900345795,18.25907069001287
1076,0.18607376502723233,0.22908467946980918,17.26086779138173
1077,0.1910004347929036,0.21095262629207123,13.575726771189098
1078,0.1957085316358044,0.1932520590699594,12.354174979157122
1079,0.19824228063821514,0.1807606395582448,10.664924683990273
1080,0.20461985294973364,0.1383333403304177,5.416874782453577
1081,0.2054471442061609,0.12709762806549263,4.032439620970362
1082,0.20565901123869257,0.12127563998904728,3.2804778958355385
1083,0.2067220027195464,0.09873626874535438,0.5478457694160885
1084,0.206806582531603,0.08708962183680591,-0.9527640801412556
1085,0.20249226722917238,0.02979084328344214,-8.285263225722158
1086,0.201458062823234,0.02198260376855722,-9.240616562243698
1087,0.19926816373343037,0.008294071440415692,-10.501688666674546
1088,0.19694684849588992,-0.0031607212510570168,-9.697046223592986
1089,0.1876674000145988,-0.06100600305571323,-1.3761886363568216
1090,0.18696962675134726,-0.06624537137953004,-0.8007800066723693
1091,0.1865518733435309,-0.07798300961176545,0.38254012103084595
1092,0.1861917958132485,-0.09194302708476705,2.409162600648201
1093,0.1876891485358395,-0.13171722721598705,7.26832398503474
1094,0.18915586431643047,-0.1439394966354104,8.880137967889379
1095,0.19061947450541505,-0.1572351254007367,10.435038007160083
1096,0.19282015536096353,-0.17074553247364946,12.088491123818597
1097,0.19472479195656145,-0.18252843690419232,13.474051725297004
1098,0.20229972812667874,-0.21286456012524727,17.299352507480663
1099,0.203887718986908,-0.22047890886293148,18.38257148454663
1100,0.20780780760561843,-0.23428741473417072,18.194732190815305
1101,0.21208426065879507,-0.24698392041596964,16.29008238882914
1102,0.2147702333654636,-0.25861756047560447,17.578659226924135
1103,0.2182903994799963,-0.27247474802882043,19.007227121666972
1104,0.22036913362279184,-0.27741106097817403,18.348138731168397
1105,0.22862359338926597,-0.3074967316754758,17.867181639787624
1106,0.23314576678577173,-0.32109639545333174,17.4769748600508
1107,0.2373553844312844,-0.3359849336203493,16.056762694050047
1108,0.2400755948705924,-0.3470285356101844,17.720858447065268
1109,0.24406240245134966,-0.3605669885547023,19.522647535333913
1110,0.24564085069355557,-0.3659679372203736,18.815837890478793
1111,0.2700025401441403,-0.4422344410838738,25.254034751793455
1112,0.27311189026668675,-0.44957240284335953,26.443807023911575
1113,0.2864307688791546,-0.4775212442142001,30.166146925450313
1114,0.2934681213404049,-0.49060059541304973,31.917231812252844
1115,0.3002195909109744,-0.5021977980762246,33.59550719901908
1116,0.3067575529558873,-0.5127476736855839,35.10561643065709
1117,0.3144623766563569,-0.5241695132756915,36.72324504763558
1118,0.3188014561186315,-0.5309391652411782,37.81816867971261
1119,0.3406653460891885,-0.5600530919883959,42.2900568097445
1120,0.3423788554335181,-0.5617745615221101,42.59137579676255
1121,0.3537153878385416,-0.5747117704864356,44.72049018896137
1122,0.36142769837713545,-0.5834169794302286,45.98895484547363
1123,0.37050444154206313,-0.5927656209402457,47.50392390385719
1124,0.3771406123256579,-0.5993171138340051,49.514523318999444
1125,0.3784233761807778,-0.6009697549632287,49.84820647186816
1126,0.37833517492722174,-0.6006319968566195,49.805929922882626
1127,0.37847055343683517,-0.6008977976969674,49.85180767932463
1128,0.378640953775348,-0.6008713303616884,49.8466308585335
1129,0.37830957478480626,-0.6006800299670069,49.818110541315626
1130,0.37842810945169614,-0.6010019800149548,49.81477278719028
1131,0.37863189491257804,-0.6009625664429933,49.80939907161719
1132,0.3782409273963278,-0.6008305528374271,49.81608609189881
1133,0.3783605925695349,-0.6006888175181669,50.20028592851935
1134,0.3895740689985787,-0.6104209415941223,51.18512790182356
1135,0.41664990981189265,-0.6332765140188413,49.7181730736249
1136,0.42116023525683227,-0.6367045370219314,48.96213833539454
1137,0.4330535229500902,-0.6471306031810572,46.98443480659265
1138,0.4410138785669435,-0.6544807582745076,45.488439359930574
1139,0.44888183375585683,-0.6624959540370309,44.011384464649026
1140,0.49039800319577775,-0.7109774463685098,35.64303474398978
1141,0.4910837809896036,-0.7119320948052764,35.56546108041369
1142,0.5004820465673837,-0.7254541219981147,33.37186805394633
1143,0.5067805592622129,-0.7349209400797344,31.870832949230437
1144,0.5139277235828258,-0.7461382761882174,30.169058303626077
1145,0.5277615205193089,-0.7710555190440519,26.712229096356346
1146,0.5303213852769594,-0.7757516895851916,26.027753041298507
1147,0.5385873494325325,-0.7927980413117907,24.34161336277171
1148,0.5439667733059284,-0.8055014058077274,22.939594897239314
1149,0.5486235240270234,-0.8175377592092749,20.206534177603174
1150,0.5528324734539907,-0.8297123772317507,18.623953391786973
1151,0.5620047745308293,-0.8605356966445974,14.62234705455524
1152,0.5638526923735383,-0.8679002320980852,13.805529344983649
1153,0.5670270767563356,-0.8801701314247101,12.122117570826228
1154,0.5695198322845094,-0.8903692833242639,10.605897070463802
1155,0.5722574199277513,-0.9055492990286116,8.944556872746734
1156,0.5740367386839639,-0.915709774606967,7.501166016700655
1157,0.5770679684559948,-0.9452566950982025,3.9587518661849965
1158,0.5782273374389206,-0.9578976764996288,2.3490713544622963
1159,0.57853078219011,-0.9711114020557521,0.6622995662807762
1160,0.578965410332019,-0.9840473364418931,-1.1139248872700607
1161,0.5784281333148686,-0.9966151548646751,-2.6738908282211606
1162,0.577085578296829,-1.01059659370089,-0.8265530871067329
1163,0.5760417968692786,-1.0365394659094198,2.390856745131612
1164,0.5759449474869368,-1.0498061112096246,4.047165048558319
1165,0.5763667418666892,-1.0619275940669302,5.629155784814225
1166,0.5770853164215983,-1.0760790670323637,7.367820189535891
1167,0.5788338045983188,-1.088736213661828,5.9518272317632475
1168,0.5803159672302015,-1.1014521745436783,4.2121043618527745
1169,0.5818596920304283,-1.1257807546613243,0.44146339972064613
1170,0.5821839068530449,-1.1247376950647099,-0.1426474372323506
1171,0.5827093939605203,-1.1251116576011675,-2.5756838485906197
1172,0.5830140527702782,-1.1255861547507189,-5.077797744611941
1173,0.5834925916230455,-1.1253735738880744,-7.410968153580175
1174,0.5839354421208591,-1.1256260692258315,-9.272189216787032
1175,0.5854411407037543,-1.1255752521361277,-15.482539848154953
1176,0.5858561589519907,-1.125647783822195,-17.84350804579506
1177,0.5864213109441764,-1.1258225052769273,-20.002622762809608
1178,0.5867609079995296,-1.1261278259782126,-22.07134765687763
1179,0.583033760211467,-1.134910246116424,-23.20900978491702
1180,0.5488794529798808,-1.209977087627702,-23.147198737573174
1181,0.5467237150016867,-1.2153138778538204,-23.087400449062606
1182,0.5444307449342554,-1.216502297541525,-17.349051501205622
1183,0.5441551968912112,-1.216509367876133,-15.536529064609944
1184,0.5436217240672803,-1.2164791860974569,-13.065973650338638
1185,0.5436827106412058,-1.2157126635165347,-11.617039546157958
1186,0.5430470500779531,-1.2158645316180539,-9.55957602628747
1187,0.5425939367326381,-1.2157003057959725,-8.049419995613226
1188,0.5400296768179816,-1.2536614345491324,0.14455647916126924
1189,0.5397723630777753,-1.2539123720582714,0.8594629202084667
1190,0.5378004976929142,-1.2542247350311952,9.667242371213838
1191,0.5372640917990502,-1.2543894685901258,11.737045196557714
1192,0.5370897023879528,-1.2543800274127435,13.941489229708258
1193,0.5365604170512734,-1.254393108225511,15.414025338938778
1194,0.5345785507161441,-1.2545401194539203,24.343672460341836
1195,0.535231242181183,-1.2571669018609772,26.70055067998148
1196,0.5414639458504059,-1.2701938345741295,26.832685067117843
1197,0.5445182364201675,-1.2766391620981608,26.908531371846983
1198,0.5494513663414163,-1.288605602362778,29.31006706791952
1199,0.5493568780408551,-1.288738073276413,29.86971699841063
1200,0.5492540926543632,-1.2890892107459337,32.715857448845334
1201,0.5488517028554125,-1.2893804375801696,34.62366787315331
1202,0.5488728952778188,-1.2906306205965075,37.47278705217852
1203,0.5481312503369065,-1.2913835176250552,43.46956208092917
1204,0.5477992677251333,-1.2919569988988404,45.20763902797393
1205,0.5476030881346126,-1.2926160541992426,46.63060499489197
1206,0.5562430722926988,-1.3003930761362892,47.9668471123973
1207,0.5634611115398618,-1.3070275538286567,48.091322727453004
1208,0.5830372547738654,-1.3264058492796778,52.891161950662436
1209,0.582999811126571,-1.3267586019241009,54.14446449402811
1210,0.582536112834912,-1.3273956727851184,55.966922560287344
1211,0.5824838020060298,-1.3278189983537076,58.50979700468695
1212,0.5949855844916386,-1.335083530784123,63.65096431914596
1213,0.6052799821890766,-1.3401621955491954,63.879691725154125
1214,0.6153661240109315,-1.3450375439288795,63.724199824089126
1215,0.6284331484860199,-1.3523389321614103,64.01515217507371
1216,0.6397557522345673,-1.3576864077445026,63.726595620375406
1217,0.6498037278374624,-1.3632609504378363,63.560430662944576
1218,0.6864070407370789,-1.3824804278357834,63.69069590157915
1219,0.6968345823279856,-1.3880050335050484,63.632068933714315
1220,0.7045041873032871,-1.3921646771618696,64.33970381524733
1221,0.7031977094061937,-1.391987037314242,65.95771407011976
1222,0.7027977257514921,-1.3923299492206769,67.42573396639922
1223,0.7189126343511714,-1.3988177789169667,71.85011199519474
1224,0.7268196028293518,-1.4017190159994966,71.96306888089529
1225,0.7365656828158632,-1.404800215491312,71.99266549075872
1226,0.738562315319718,-1.4060044210795877,73.34306629528109
1227,0.738752568675568,-1.4064343580954424,75.25870761147821
1228,0.7381422617021888,-1.4084842834717315,83.30415497574506
1229,0.7381738296942009,-1.4084810573825357,83.34651298289761
1230,0.7519976577391002,-1.4102309459062226,84.0260957595779
1231,0.7612847900002407,-1.4113385956143982,84.30608218206571
1232,0.7742332727244933,-1.413336047049884,84.77008150841422
1233,0.773235860758321,-1.4148856184113723,90.98560912260137
1234,0.7740926739886665,-1.4149480416718019,92.83491659139729
1235,0.7734682004606945,-1.4152385380255883,94.62403570587041
1236,0.7738392345711259,-1.4159506922251424,96.88271346234804
1237,0.7742895798894395,-1.416147338552528,99.0364650332368
1238,0.7739913937236591,-1.418400698997022,108.37462333929966
1239,0.7746822616916627,-1.418160950864453,109.6971705450987
1240,0.7806615380008577,-1.4165136473708646,110.70635424222756
1241,0.7958831928378263,-1.4109330779333034,111.0231740415357
1242,0.8127065582877359,-1.4062098827398344,115.89191691766229
1243,0.8136688394067383,-1.4061376773646026,117.48046722167062
1244,0.8138489552110794,-1.406437456599704,119.49124064662482
1245,0.8140284737525554,-1.4069525782010752,120.72706688040213
1246,0.8382871265504908,-1.3898023031355442,128.0804237916022
1247,0.848670605813511,-1.3820591620084173,128.14725308723914
1248,0.8600060024610647,-1.3734988902215963,128.25112468863966
1249,0.8748175733584153,-1.3628982181118925,129.85330342696452
1250,0.8749395179797884,-1.362910089768548,129.9104607467712
1251,0.8760284783732266,-1.3630980416389398,132.62858198645407
1252,0.8760140332818952,-1.3633769321665856,134.32810169598693
1253,0.8769244472766032,-1.363320512591538,136.76816192507502
1254,0.8771369572853209,-1.3636175207111794,138.66062510883293
1255,0.876849457829788,-1.364506408098066,139.57563233578765
1256,0.8785306171065451,-1.3651383231155803,148.61252344131165
1257,0.8786344226022529,-1.3650723571673777,148.7172139355303
1258,0.8789913542235835,-1.3654397656468213,151.11023650807462
1259,0.8792642489796543,-1.3660177061669379,153.32848503272953
1260,0.8813871201475452,-1.3624090922887186,154.2968058848402
1261,0.9038157838217715,-1.3180402514601806,154.56680987325007
1262,0.9044065379727546,-1.317036433078856,155.07995348064114
1263,0.9042501919635856,-1.3180109005374712,156.78027212949942
1264,0.9049411369078822,-1.317864510215841,159.00930163817975
1265,0.9052477481248848,-1.3181630190225713,160.5284002274411
1266,0.9156120151167495,-1.28947362158536,161.2616720078955
1267,0.9192993330471505,-1.2786512792864717,161.29520023783573
1268,0.9235424909294507,-1.2669146347190925,161.28203202896665
1269,0.9258385975785153,-1.2601548534490559,161.11874100796146
1270,0.9321411017662883,-1.2437088189533645,161.15057943597898
1271,0.9358721572115771,-1.2341541618210057,161.68687714353075
1272,0.9480172325647924,-1.1994212070586727,166.4697117493058
1273,0.948894577513232,-1.1947865228297612,167.08531589022718
1274,0.9532097605151985,-1.1799209185674808,168.94954461395508
1275,0.9557031644806752,-1.1671145121117548,170.67484165898506
1276,0.9579351602119948,-1.1569214656301894,172.19583201275998
1277,0.9600632458727892,-1.14561342343557,173.388138614511
1278,0.9642300493503735,-1.113474403040438,177.43702510855456
1279,0.9652005142671557,-1.101206794306405,178.97613435108963
1280,0.9659276218154066,-1.0886041434373335,-179.42278362631737
1281,0.9662840892335077,-1.0747634971838989,-177.69123189316178
1282,0.9663770865869098,-1.062356749700368,-176.06972312465112
1283,0.9658859343437044,-1.0518428237824928,-174.90328719688833
1284,0.9638444208982738,-1.0201486087450236,-170.84993557890513
1285,0.9622974978493986,-1.0100385678663488,-169.61910175048416
1286,0.9606731442513475,-0.9969555371999269,-168.0324279851072
1287,0.9590244968773355,-0.9876334469088437,-166.54304932439814
1288,0.9562778525934299,-0.9729305579419467,-164.80637440797693
1289,0.9532647957352203,-0.9606323863480812,-163.13958408741786
1290,0.9461922830583842,-0.9354794609603999,-160.02146797278183
1291,0.9413028670912853,-0.9211704261927891,-158.12173562315624
1292,0.936279193991249,-0.907332628812159,-156.53638789226613
1293,0.9314610440062728,-0.895599760797007,-154.96401553544104
1294,0.9264896808790071,-0.8842942275800522,-153.4355758210849
1295,0.9212165337787258,-0.8724381306536028,-151.8025149364721
1296,0.9093579967274155,-0.8489919579207976,-148.45224849721507
1297,0.9024468608600189,-0.8362048532138671,-146.6215892428288
1298,0.8960634535321412,-0.825358313961854,-145.08113546156198
1299,0.8893607249944808,-0.8150957376380183,-143.4617049771375
1300,0.8817944116124746,-0.8041085379760818,-141.90393052118284
1301,0.8764109216956277,-0.7961972366478073,-140.89171642931746
1302,0.8448511349823121,-0.752736512970883,-145.9591706947637
1303,0.8445751655287357,-0.7525230432642189,-145.46691704478374
1304,0.8372737988782344,-0.7407452608952765,-143.9102507034402
1305,0.832758528061726,-0.7334608491971618,-143.02322427560605
1306,0.821418669950513,-0.7177379700128275,-140.48586472029714
1307,0.8013554703198515,-0.6921898588212674,-136.2548297453641
1308,0.7962130349726947,-0.6863828825537533,-135.39285273478467
1309,0.787166340488656,-0.6766358121566085,-133.7215769822372
1310,0.7782435320257474,-0.6675334230628643,-132.13401915262588
1311,0.7684443529933161,-0.6581111548093439,-130.49162306495685
1312,0.76312043462515,-0.6528391842262903,-129.54213063090853
1313,0.7313749730665814,-0.6270658553904025,-124.46476150523068
1314,0.7187932029695719,-0.6176404722876703,-122.4056241350736
1315,0.7077238163106363,-0.610353955039964,-120.71870671735083
1316,0.6970676090036572,-0.6034663259452216,-119.10497332810391
1317,0.6852415255643184,-0.5960650693095408,-117.38049102356378
1318,0.6478563416036571,-0.5759758205282847,-112.30055418008335
1319,0.6376687726001081,-0.5716012697622183,-110.97382512807093
1320,0.6279904537697565,-0.5673656301691723,-109.67082727970251
1321,0.6173271361684691,-0.5631897119386429,-107.8328489813303
1322,0.60086270975045,-0.5575793658981745,-106.7819814362849
1323,0.5693572746634482,-0.5475248622757579,-111.71704520911422
1324,0.5631146200183903,-0.5452610105550036,-112.42505185486871
1325,0.5508053970858967,-0.5403310707483638,-114.15355498347263
1326,0.5395534994546811,-0.5351045023922909,-115.80051593327215
1327,0.526555905858105,-0.528810526330937,-117.63067745769006
1328,0.5157788980955462,-0.5229522549137453,-119.17076030568062
1329,0.4662341962130443,-0.4911912561337111,-126.13579545670191
1330,0.4611747093197299,-0.4875081731261098,-126.59272525504367
1331,0.4508929293807899,-0.4796932617384287,-127.90280202269543
1332,0.4404879661911043,-0.47083440926758624,-130.5990052285986
1333,0.43743789944962014,-0.468364029638182,-131.2120651983885
1334,0.3951454463372003,-0.42698497051008427,-138.491413089268
1335,0.38958020537697235,-0.4205882888239928,-140.24963476800644
1336,0.37885832360055965,-0.40801614423683114,-141.72063373408153
1337,0.35475642914119954,-0.3748798665265121,-146.72155451021735
1338,0.34729662538803086,-0.3636967073913118,-148.36126311023312
1339,0.3408401649222185,-0.3521355171476004,-147.2348998959525
1340,0.3336147744743484,-0.3397799978310565,-145.40766842218545
1341,0.32701946227489226,-0.32910140995823944,-143.7336634302323
1342,0.3237914177531486,-0.32379001904107235,-142.78996034982808
1343,0.2840403987121834,-0.27345198967690043,-137.46101072463085
1344,0.2795792704569296,-0.26916938559163245,-138.68135091049737
1345,0.2728757345512817,-0.2614371160566996,-139.6897522665716
1346,0.26546215438969784,-0.251775597887633,-137.78699277564934
1347,0.2326478439143968,-0.21549626894356289,-139.7290603136841
1348,0.2268379473275171,-0.208737689239569,-140.85528239757178
1349,0.22051989725946072,-0.20030874033050944,-142.57983703276076
1350,0.22067977821042853,-0.20116538430970102,-143.6037398509634
1351,0.22027972909819388,-0.20106250191309846,-145.2967224249909
1352,0.2190340860371999,-0.20098257521775825,-150.38316625610787
1353,0.219006129280643,-0.20173880322009285,-152.0935020430862
1354,0.21834295372172483,-0.20156369887976355,-154.72729120101158
1355,0.21376942863506826,-0.19235527446554557,-156.89859287106714
1356,0.20871804966450108,-0.18058370653703723,-158.6489645426985
1357,0.19999052173637258,-0.15877409421489286,-163.09333419406568
1358,0.19953194340989747,-0.158861658108595,-165.112357865948
1359,0.19925514842939726,-0.15922135942623922,-166.92760659924113
1360,0.19882785191504598,-0.159077886671234,-168.5797300501874
1361,0.19830570226136907,-0.15938894947189877,-171.39181332566986
1362,0.19718160217411282,-0.1515506146123171,-172.63462472373436
1363,0.19241092340067367,-0.11378202799990682,-174.54536585265683
1364,0.1919177073505628,-0.11376775028729087,-176.45593715757323
1365,0.19132614865418482,-0.11339913265019469,-178.7291534065165
1366,0.19131998769584962,-0.11344200756763081,179.73367838506533
1367,0.1917412137133386,-0.09729498240824885,173.39415995834835
1368,0.19269377685642364,-0.09307642728819261,173.26202678889658
1369,0.19398747006456746,-0.08132639721639118,173.25122804758163
1370,0.1954696188114368,-0.07134164813151181,173.1630405274023
1371,0.19704881383336603,-0.06189118383680941,173.40754483419184
1372,0.19959972515253918,-0.03610870489029593,170.1798933973946
1373,0.19929682618731978,-0.03566872383222591,169.1659490108863
1374,0.19887404538733888,-0.03565122225953755,166.81947855381117
1375,0.19852544264818262,-0.03571504704799227,164.75242855958996
1376,0.19814605209163327,-0.03540022441880197,162.5201542472165
1377,0.20117833172474683,-0.02516443212630611,159.5397436481865
1378,0.20637159849445552,-0.012445239006645506,159.49766527796513
1379,0.20958946494968725,-0.004596824096178225,159.50451002884571
1380,0.21490845944703374,0.008681702701976263,159.44968850937866
1381,0.21976271327169491,0.021737429975839384,157.74647512675634
1382,0.2257064131863281,0.0352092614020794,156.0316106411218
1383,0.23910005687842992,0.0631837225530019,151.7253954545528
1384,0.2428602015097663,0.07009276557995166,150.78777665246906
1385,0.24926129029438354,0.0814536690340646,149.03050767809188
1386,0.25497156549476135,0.09077114103441936,147.58720814936694
1387,0.2632959321166049,0.10366492924216719,145.65347943382258
1388,0.2694077476214115,0.11283333518843157,144.2266004870981
1389,0.29836468329398197,0.1489891065051944,137.77035591034507
1390,0.31190014193822096,0.16397200586895552,135.94701529852563
1391,0.3192100734236419,0.17160332761234934,134.54402172076627
1392,0.33023000720363155,0.1824316199027578,132.64576555202643
1393,0.4034007241354004,0.2381467165044368,120.93319387895625
1394,0.432352253788463,0.25459866520456537,116.65277775291295
1395,0.43474323855496627,0.25596080160063117,116.29395252771407
1396,0.44674957918405134,0.26171590361737057,114.71778836011917
1397,0.4575278609576804,0.26683134014064824,113.14693995630431
1398,0.46992654276292134,0.2720224560536545,111.4820815665191
1399,0.48029063366632074,0.2754769524980722,111.65005073206495
